{
	"extension.description": "適用於 Node.js 的 Visual Studio Code 偵錯工具延伸模組",
	"node.label": "Node.js",
	"node.sourceMaps.description": "使用 JavaScript 來源對應 (如果存在)。",
	"node.outDir.description": "如果已啟用來源對應，產生的程式碼就會位於此目錄。取代: 改用 'outFiles' 屬性。",
	"node.outFiles.description": "如果已啟用來源對應，這些 Glob 模式會指定產生的 JavaScript 檔案。如果模式開頭為 '!'，檔案即遭排除。如果未指定，產生的程式碼就會位於其來源的相同目錄。",
	"node.stopOnEntry.description": "在啟動後自動停止程式。",
	"node.port.description": "要附加到的目標偵錯連接埠。預設值為 5858。",
	"node.address.description": "偵錯連接埠的 TCP/IP 位址 (僅限 Node.js >= 5.0)。預設值為 'localhost'。",
	"node.timeout.description": "重試連接到 Node.js 前要等待的毫秒數。預設值為 10000 毫秒。",
	"node.smartStep.description": "自動逐步所執行產生無法對應回原始碼的程式碼。",
	"node.launch.program.description": "程式的絕對路徑。透過查看 package.json 及開啟的檔案猜測產生的值。編輯此屬性。",
	"node.launch.externalConsole.description": "在外部主控台內啟動偵錯目標。",
	"node.launch.externalConsole.error": "取代: 請改用 'console' 屬性。",
	"node.launch.console.description": "啟動偵錯目標的位置: 內部主控台、整合式終端機或外部終端機。",
	"node.launch.args.description": "傳遞給程式的命令列引數。",
	"node.launch.cwd.description": "程式工作目錄的絕對路徑 (該程式正在進行偵錯)。",
	"node.launch.runtimeExecutable.description": "要使用的執行階段。可以是 PATH 上可用的執行階段絕對路徑或名稱。如果省略，即假設為 'node'。",
	"node.launch.runtimeArgs.description": "傳遞給執行階段可執行檔的選擇性引數。",
	"node.launch.env.description": "傳遞給程式的環境變數。",
	"node.launch.config.name": "啟動",
	"node.attach.processId.description": "要附加的處理序識別碼。",
	"node.attach.restart.description": "在 Node.js 終止後重新啟動工作階段。",
	"node.attach.localRoot.description": "對應至 'remoteRoot' 本機來源根。",
	"node.attach.remoteRoot.description": "遠端主機的來源根。",
	"node.attach.config.name": "附加",
	"node.processattach.config.name": "附加至處理序",
	"extensionHost.label": "VS Code 延伸模組開發",
	"extensionHost.launch.runtimeExecutable.description": "VS Code 的絕對路徑。",
	"extensionHost.launch.args.description": "傳遞至程式的命令列引數。",
	"extensionHost.launch.stopOnEntry.description": "在啟動後自動停止延伸主機。",
	"extensionHost.launch.sourceMaps.description": "使用 JavaScript 來源對應。",
	"extensionHost.launch.outDir.description": "如果已啟用來源對應，產生的程式碼就會位於此目錄。取代: 改用 'outFiles' 屬性。",
	"extensionHost.launch.outFiles.description": "如果已啟用來源對應，這些 Glob 模式會指定產生的 JavaScript 檔案。如果模式開頭為 '!'，檔案即遭排除。如果未指定，產生的程式碼就會位於其來源的相同目錄。",
	"extensionHost.smartStep.description": "自動逐步所執行產生無法對應回原始碼的程式碼。",
	"extensionHost.launch.config.name": "啟動擴充功能"
}