{
	"extension.description": "Расширение отладки Visual Studio Code для Node.js",
	"node.label": "Node.js",
	"node.sourceMaps.description": "Использовать карты исходного кода JavaScript (если они существуют).",
	"node.outDir.description": "Если включены сопоставления исходного кода, созданный код должен быть в этом каталоге. Не рекомендуется: используйте атрибут \"outFiles\".",
	"node.outFiles.description": "Если включены сопоставления исходного кода, эти глобальные шаблоны указывают созданные файлы JavaScript. Если шаблон начинается с \"!\", файлы исключаются. Если не указан, созданный код должен быть в том же каталоге, что и исходный.",
	"node.stopOnEntry.description": "Автоматически остановить программу после запуска.",
	"node.port.description": "Порт отладки для присоединения. Значение по умолчанию — 5858.",
	"node.address.description": "TCP/IP-адрес порта отладки (только для Node.js >= 5.0). Значение по умолчанию — \"localhost\".",
	"node.timeout.description": "Повторять в течение этого количества миллисекунд для подключения к Node.js. Значение по умолчанию — 10 000 мс.",
	"node.smartStep.description": "Автоматическая пошаговая отработка сформированного кода, который невозможно снова добавить в исходный источник.",
	"node.launch.program.description": "Абсолютный путь к программе. Созданное значение можно определить, взглянув на package.json и открытые файлы. Изменить этот атрибут.",
	"node.launch.externalConsole.description": "Запустить цель отладки во внешней консоли.",
	"node.launch.externalConsole.error": "Не рекомендуется: используйте атрибут \"console\".",
	"node.launch.console.description": "Где следует выполнять запуск целевого объекта отладки: внутренняя консоль, интегрированный терминал или внешний терминал.",
	"node.launch.args.description": "Аргументы командной строки, передаваемые программе.",
	"node.launch.cwd.description": "Абсолютный путь к рабочему каталогу отлаживаемой программы.",
	"node.launch.runtimeExecutable.description": "Используемая среда выполнения. Абсолютный путь или имя среды выполнения, доступные в переменной PATH. Если не указано, предполагается \"node\".",
	"node.launch.runtimeArgs.description": "Необязательные аргументы, переданные исполняемому файлу среды выполнения.",
	"node.launch.env.description": "Переменные окружения, переданные в программу.",
	"node.launch.config.name": "Запустить",
	"node.attach.processId.description": "Идентификатор процесса, к которому необходимо подключиться.",
	"node.attach.restart.description": "Перезапуск сеанса после завершения Node.js.",
	"node.attach.localRoot.description": "Корневой элемент локального источника, соответствующий remoteRoot.",
	"node.attach.remoteRoot.description": "Исходный корневой элемент удаленного узла.",
	"node.attach.config.name": "Подключить",
	"node.processattach.config.name": "Подключение к процессу",
	"extensionHost.label": "Разработка расширения VS Code",
	"extensionHost.launch.runtimeExecutable.description": "Абсолютный путь к VS Code.",
	"extensionHost.launch.args.description": "Аргументы командной строки переданы в программу.",
	"extensionHost.launch.stopOnEntry.description": "Автоматически остановить хост-процесс для расширений после запуска.",
	"extensionHost.launch.sourceMaps.description": "Использовать карты исходного кода JavaScript.",
	"extensionHost.launch.outDir.description": "Если включены сопоставления исходного кода, созданный код должен быть в этом каталоге. Не рекомендуется: используйте атрибут \"outFiles\".",
	"extensionHost.launch.outFiles.description": "Если включены сопоставления исходного кода, эти глобальные шаблоны указывают созданные файлы JavaScript. Если шаблон начинается с \"!\", файлы исключаются. Если не указан, созданный код должен быть в том же каталоге, что и исходный.",
	"extensionHost.smartStep.description": "Автоматическая пошаговая отработка сформированного кода, который невозможно снова добавить в исходный источник.",
	"extensionHost.launch.config.name": "Запуск расширения"
}