{
	"name": "Dark Visual Studio",
	"settings": [
		{
			"scope": "emphasis",
			"settings": {
				"fontStyle": "italic"
			}
		},
		{
			"scope": "strong",
			"settings": {
				"fontStyle": "bold"
			}
		},
		{
			"scope": "header",
			"settings": {
				"foreground": "#000080"
			}
		},

		{
			"scope": "comment",
			"settings": {
				"foreground": "#7ca668"
			}
		},
		{
			"scope": "constant.language",
			"settings": {
				"foreground": "#569cd6"
			}
		},
		{
			"scope": "constant.numeric",
			"settings": {
				"foreground": "#b5cea8"
			}
		},
		{
			"scope": "constant.regexp",
			"settings": {
				"foreground": "#b46695"
			}
		},
		{
			"scope": "constant.rgb-value",
			"settings": {
				"foreground": "#d4d4d4"
			}
		},
		{
			"scope": "entity.name.tag",
			"settings": {
				"foreground": "#569cd6"
			}
		},
		{
			"scope": "entity.name.selector",
			"settings": {
				"foreground": "#d7ba7d"
			}
		},
		{
			"scope": "entity.other.attribute-name",
			"settings": {
				"foreground": "#9cdcfe"
			}
		},
		{
			"scope": "entity.other.attribute-name.css",
			"settings": {
				"foreground": "#d7ba7d"
			}
		},
		{
			"scope": "invalid",
			"settings": {
				"foreground": "#f44747"
			}
		},
		{
			"scope": "markup.underline",
			"settings": {
				"fontStyle": "underline"
			}
		},
		{
			"scope": "markup.bold",
			"settings": {
				"fontStyle": "bold"
			}
		},
		{
			"scope": "markup.heading",
			"settings": {
				"foreground": "#6796e6"
			}
		},
		{
			"scope": "markup.italic",
			"settings": {
				"fontStyle": "italic"
			}
		},
		{
			"scope": "markup.inserted",
			"settings": {
				"foreground": "#b5cea8"
			}
		},
		{
			"scope": "markup.deleted",
			"settings": {
				"foreground": "#ce9178"
			}
		},
		{
			"scope": "markup.changed",
			"settings": {
				"foreground": "#569cd6"
			}
		},
		{
			"scope": "meta.selector",
			"settings": {
				"foreground": "#d7ba7d"
			}
		},
		{
			"name": "brackets of XML/HTML tags",
			"scope": "punctuation.definition.tag",
			"settings": {
				"foreground": "#808080"
			}
		},
		{
			"scope": "meta.preprocessor",
			"settings": {
				"foreground": "#569cd6"
			}
		},
		{
			"scope": "meta.preprocessor.string",
			"settings": {
				"foreground": "#ce9178"
			}
		},
		{
			"scope": "meta.preprocessor.numeric",
			"settings": {
				"foreground": "#b5cea8"
			}
		},
		{
			"scope": "meta.structure.dictionary.key.python",
			"settings": {
				"foreground": "#9cdcfe"
			}
		},
		{
			"scope": "storage",
			"settings": {
				"foreground": "#569cd6"
			}
		},
		{
			"scope": "storage.type",
			"settings": {
				"foreground": "#569cd6"
			}
		},
		{
			"scope": "storage.modifier",
			"settings": {
				"foreground": "#569cd6"
			}
		},
		{
			"scope": "string",
			"settings": {
				"foreground": "#ce9178"
			}
		},
		{
			"scope": "string.tag",
			"settings": {
				"foreground": "#ce9178"
			}
		},
		{
			"scope": "string.value",
			"settings": {
				"foreground": "#ce9178"
			}
		},
		{
			"scope": "string.regexp",
			"settings": {
				"foreground": "#d16969"
			}
		},
		{
			"scope": "support.type.property-name",
			"settings": {
				"foreground": "#d4d4d4"
			}
		},
		{
			"scope": "keyword",
			"settings": {
				"foreground": "#569cd6"
			}
		},
		{
			"scope": "keyword.control",
			"settings": {
				"foreground": "#569cd6"
			}
		},
		{
			"scope": "keyword.control.less",
			"settings": {
				"foreground": "#d7ba7d"
			}
		},
		{
			"scope": "keyword.operator",
			"settings": {
				"foreground": "#d4d4d4"
			}
		},
		{
			"scope": ["keyword.operator.new", "keyword.operator.expression"],
			"settings": {
				"foreground": "#569cd6"
			}
		},
		{
			"scope": "keyword.other.unit",
			"settings": {
				"foreground": "#b5cea8"
			}
		},
		{
			"scope": "support.function.git-rebase",
			"settings": {
				"foreground": "#d4d4d4"
			}
		},
		{
			"scope": "constant.sha.git-rebase",
			"settings": {
				"foreground": "#b5cea8"
			}
		},
		{
			"name": "coloring of the Java import and package identifiers",
			"scope": ["storage.modifier.import.java", "storage.modifier.package.java"],
			"settings": {
				"foreground": "#d4d4d4"
			}
		},
		{
			"name": "coloring of the TS this",
			"scope": "variable.this",
			"settings": {
				"foreground": "#569cd6"
			}
		}
	]
}